[
  {
    "BlockID": "a78a3bb0-c5dd-4b8d-9e8f-9fa152f863f2",
    "SignedBlockID": "D+Bqx9qTKnKhHs5oevoQCuLf0EUZfxmbPJLn11zxFM18RrvjMV88JFbIbq3ii9kKFMjVO0ue9htBKeRUxBOyF0ReYEwtsZw0nukQo6FaZraS2gW7mbFQyyEXo/uif/a27RjvApQVTM44C08GjSsqfhyB8wG1ZDMCXtfwLvkeK/w\u003d",
    "TimeStamp": "2022-01-31.22:50:15.1",
    "blockNumber": "13",
    "Fname": "Bruce",
    "Lname": "Lee",
    "DOB": "1940.11.27",
    "SSNum": "456-789-123",
    "Diag": "SoreStomach",
    "Treat": "LessCombat",
    "Rx": "Vicodine",
    "hashMaker": "e00452ecdd152af391eae9b3a4cbde381612fef497b26b9a71fa459595bd844c",
    "hashSignedMaker": "L4jaeMNW2N6k8sva+76YRxry2JZear+KNsYpCfUhF0EeALGniJG6oFhzDilyBa/ozuYYoWbN60Df6hdF727Gyl/zmmjN0Bq4s+ffJi8RCIJ1sW2p5zqotm+3Id8N15j+hHa/qVPvuMmdfirOXtnK0fGXWKsq+W4WWM3MrzCKPSQ\u003d",
    "lastWinHash": "064D52FC5BCD2559978E46FDE0EAA3AC8F2408725BB19AA8A2B6D4760A7E3C9C",
    "winHash": "2797842EAB402422D8537D3A2D206FF127F69B5BB75D2CC08C112F180573230D",
    "winSignedHash": "Kjb6ndZC/A537LLKUb0oVHLt6Nfq5bT8wwWY89ZNpxg2WPwPf2wqX8YkNY0JkoJVi/LOwW9g++gKXOKT3Ia6/p0R0gdUq5J9tcCPGIDz2ebegOffiUiD1TokX7GKMA4XuKQxPdif4Fqkvva8llLR16mL8VpT7UUgbqkgoX547P4\u003d",
    "RandomSeed": "IOR3HLKH",
    "VerificationProcess": "2",
    "generationProcess": "1"
  },
  {
    "BlockID": "1d7e1987-1c6e-476c-85fd-5ba248e612eb",
    "SignedBlockID": "Z3FNJG6xKvfywTbjdciGvKAT6Re4e6KfsyBuaz4zP83xBxezb6U7uY46Yl4kuoEOaUGyOqnQDuRNIP78x22fCZckgIDQQ8kNfc2Q3GwhClniMwsRs7lP7WI6oeSsUanxZlMCitQ6CRgkHiPJOnRNxttNEhzeuemk/l+j2dmOsPI\u003d",
    "TimeStamp": "2022-01-31.22:50:14.2",
    "blockNumber": "12",
    "Fname": "Joe",
    "Lname": "DiMaggio",
    "DOB": "1914.11.25",
    "SSNum": "111-22-3333",
    "Diag": "SoreKnees",
    "Treat": "RestFromSports",
    "Rx": "Aspirin",
    "hashMaker": "88c63e3497f2d91d5474d1a01aa15ab8ea8df9a2d5f29e8509bb1082391ceede",
    "hashSignedMaker": "OdM21LIQuJsyUIMHVD2S5Z4BjSVbN6SE6Jk/otjwvE7cGBPSRr9AEU89wdIDhm1+Yqx3eIjd8lQTmsbigfWoFpKFt7TCdvFlREU6ciAzCILsK042tPNrfMGYsRGdB+jVT/UiHFmvzQD06j5fpW+6aeQ2OvzFPdCGWy1Umn+lfQ8\u003d",
    "lastWinHash": "2726087C1C924D1E4845DCA1E3CB7898AC38A857DFC801653B170C9300554146",
    "winHash": "064D52FC5BCD2559978E46FDE0EAA3AC8F2408725BB19AA8A2B6D4760A7E3C9C",
    "winSignedHash": "Fiy7Lx8sGXz8iUU2EDqCO5hWyfZM2QnNh+yeIDWJbqg0V+8ztl4aRM9fz/+dFbZb409DHlVdZgBPTYuFXTCnD90RwF7z5gFf+Wzned4XYeAr3wD+p9WrlRhcITS2alSl+RaaKFctYpsnwwOedUTn56ZsGYIalw7SXsOANE1OdXU\u003d",
    "RandomSeed": "ZN1QG981",
    "VerificationProcess": "2",
    "generationProcess": "2"
  },
  {
    "BlockID": "25df918b-851c-4d2e-a3d4-b5a671d0dff7",
    "SignedBlockID": "UsrwkAahegTIfZ2v8RtAcFvuoTU+vDIg3s8sn+xMlBAwULs0uXOkH8TxB+CWcpuNR5f1IYg1qL1u7CGGBOtqyCey2hVXCdvY9E9aTynpMgzcIEv8o89VAn1X64g7dTARRpHVTpHbskoh7CHrLSM4LzZHv5EO1D5WbqFbmcY8R/U\u003d",
    "TimeStamp": "2022-01-31.22:50:14.1",
    "blockNumber": "11",
    "Fname": "Sally",
    "Lname": "McCutty",
    "DOB": "1970.01.01",
    "SSNum": "123-456-999",
    "Diag": "Migraine",
    "Treat": "IcePack",
    "Rx": "Almotriptan",
    "hashMaker": "42196a4873aafe951fd1a8be90998e3113ead2f68bcd628f17b5e37f64157986",
    "hashSignedMaker": "W+HJd3iCxhtdmxb3YLx+OXyVda0iAs3UoFU48qJAOVL6JhXVhKNZqfOmpR+6CYP0HCo3hUhiSMCbdguWYF3D0HQk99aa+6oAz5mdck3gefxMbsOa6Eix7i0NTr5HbXnGEHLPduJKsOYWNUx4OV/kSKRnT1hFbYMMgxsbbOhqVWE\u003d",
    "lastWinHash": "0D52B5D6B68AD9346A766946DDA1547657CEBA2B69ACFEEAA00B6DD9EF4F688A",
    "winHash": "2726087C1C924D1E4845DCA1E3CB7898AC38A857DFC801653B170C9300554146",
    "winSignedHash": "j2VYq27tDHR9sw1eM5H6exnZIW0Y4WImCfUT+NqxTgO9KRPDrxVWdsMcjtmdRAKM9Qzxy1VnYPb9msIw6m+aBBPw7UpATfFIDPRUPKrJlpfCkV2PFV6A4EUrRwa7/R85zaAownlisNgFXMD11JTC28fCDiXVTsi4aQncxxpu+C0\u003d",
    "RandomSeed": "J3MGRYXT",
    "VerificationProcess": "1",
    "generationProcess": "1"
  },
  {
    "BlockID": "6ac5c343-4674-4b4b-8069-befa1ed9e909",
    "SignedBlockID": "Y8nFEQcv/N4Q4KvU4/E5D7E6H3ciCJPorU3yujq9xstZHJxyWmXYbot5SNwj8tE68kW4Af93/rDQXpOTX8driLTxwc18VJ3tGmDqTN344Td90MKx8bVtMsTz3j4iT51Tyr789Gz3UI/AjI5PTUu1zMCD6LlPTmPnCpegLYoJu9s\u003d",
    "TimeStamp": "2022-01-31.22:50:14.0",
    "blockNumber": "10",
    "Fname": "Wayne",
    "Lname": "Blaine",
    "DOB": "1942.07.07",
    "SSNum": "123-45-6777",
    "Diag": "Measles",
    "Treat": "WaitToGetBetter",
    "Rx": "CodLiverOil",
    "hashMaker": "934266f0ebdd9fcf81c9579ef0283471093db6b4416b112bcae805f4c6df1adc",
    "hashSignedMaker": "HRoWAFm2xNqTa7yA6qBEJvLlQjgjVyfYRx/y7hRKmGM083qNi6s2FyGDssZnxqTb1Xyk5D3C78svcSwbBUjDxEiJik/J3VErRqi1bnr7o/j6Lg/8mju/7E01r6UWtC6uUFveike3GG8lgvQaRmoDL2HOrjj1RdNN5HrsVmQ3qaQ\u003d",
    "lastWinHash": "0E180E5DAAAB35677A4241A063A8C3D929148FA0266AC3AFD39627ABC8930DE4",
    "winHash": "0D52B5D6B68AD9346A766946DDA1547657CEBA2B69ACFEEAA00B6DD9EF4F688A",
    "winSignedHash": "cZi6DD1+OVNCtatBo/z6PXanKQZh7XmM6fJL7BDqRLwKtGXN6YbtN6M4kP+KYJbj+rOGxj6ELUFHDMk8waiIdtsAJ773CWhg+JzmDegP9zU81mz/oHU1FU+1s75ZQCRjk7PNeeMPz7aKmskBk39uyRb6w51NKJURwfQELizP+1E\u003d",
    "RandomSeed": "IDG0GXWV",
    "VerificationProcess": "1",
    "generationProcess": "0"
  },
  {
    "BlockID": "f2ed35ae-bb59-424f-bb91-afc14c538751",
    "SignedBlockID": "O2W7G33cfBJNhlxM608XPGp1DeLPjy5jtYkdJKGdW/hxi/Sd5o8M/d5Vpl9DiNMu3daKMSBiXFQSlnqp56sZ/PU2P/gb53CmxLrbNJe0GVbbJ5cs7xUAlsAIrpI4LcK52Dw5ULggFfwBsZ9m6MGjpJYIN571EqHZ7EScbEqthg8\u003d",
    "TimeStamp": "2022-01-31.22:50:13.2",
    "blockNumber": "9",
    "Fname": "John",
    "Lname": "Kennedy",
    "DOB": "1917.05.29",
    "SSNum": "333-45-6999",
    "Diag": "AddisonsDisease",
    "Treat": "DrugTherapy",
    "Rx": "Steroids",
    "hashMaker": "2bae2ef432c57ebe076d138a5810bc741a8f41fa5ca7e7cf870c43bab88ab4c2",
    "hashSignedMaker": "cWF92a9zRxjAzjzFJCtLwlvlgc6D4Tm/VksblsxqNKRXkLCWJ4bsufienJm7E7DfzAQBEZ7FKZ0z/7sTUX7IhYN0tT7JnF8pmg8iFbgoG9e2LAND/QdR8kBb92lnHSL3Tzo2+cRHK0FaeAtGScTdL+GMAf0VhStiHQ1vGUkMMpY\u003d",
    "lastWinHash": "2C8F64FDD1D4783829EDC13EC0AF3E3DE8B5929049C2A96C1EF7BC6178AA6BE1",
    "winHash": "0E180E5DAAAB35677A4241A063A8C3D929148FA0266AC3AFD39627ABC8930DE4",
    "winSignedHash": "LeXY1o0PGCdjHKzhfW1TeBuBHO7qFOqzhVm7c3euxOitndUxcQ8MotNnwgEJNjmPSUrJ9STLTuYYGPjvoJG/0mGzk5RVUs3qi4dLB4PCulvJqDQqAJsm0WyjVTXNxts2csAzvfM0pgwaW5mtpICzjgLNzxtpEywxwCh+rsW6+/s\u003d",
    "RandomSeed": "TCTFNPK0",
    "VerificationProcess": "0",
    "generationProcess": "2"
  },
  {
    "BlockID": "d8d0d9db-659f-4104-8894-6aaa1bbd3e6f",
    "SignedBlockID": "c5aN6iMjMIfHT9SfklyL9K17plfNES53gs1Uq8Zyq9zPYqYv9qOeeE9pcUOO+FKEGm01FuyGoPLF/ctiz3tMtg6uYf5ibdExbkb2bvgRvq9VeEtLQt96Q/Ut9omi6phZigav3Ti4KjJDmAryl/05qYfd23tv1Vi0jJWDjNA0WaM\u003d",
    "TimeStamp": "2022-01-31.22:50:13.1",
    "blockNumber": "8",
    "Fname": "Wei",
    "Lname": "Xu",
    "DOB": "1996.03.22",
    "SSNum": "123-456-333",
    "Diag": "Shingles",
    "Treat": "WaitForRelief",
    "Rx": "Zovirax",
    "hashMaker": "0542b162272f49d43795a0f0068ca8cd505f3614a33123c8353821992080a66e",
    "hashSignedMaker": "BVpE7PV3Yo8oQ7VDVrRoOpO4GU66VUo2X3MkFRMF2RXTsbg4MJyuN6gmovUAggpaJc/mcLHe1RlTDAVycCotK4EY1BM0wcisjJgnb/w7JWG3wiLBZ+yD49jwo1Y1YHprDPLJHNbEmgyMXllR5GWDbqmnByBI/Gmejm5a/CxVKHE\u003d",
    "lastWinHash": "3D0FF20D8FE3918C20B520A4666F246807F0D957A1E5A65217D50B2A227DCAC6",
    "winHash": "2C8F64FDD1D4783829EDC13EC0AF3E3DE8B5929049C2A96C1EF7BC6178AA6BE1",
    "winSignedHash": "J6H8YrIR8PpzyxpTxeHOAKgOf5Oj3VasdtLc9LpzlrnClSr7NMs2DRMtvPPO40NwrmYaL0167f0yYPv5sB8lEw//+Ya4u/dBbjG4BpIqE6yePYKzoWxy9zT0OF3+k5oNlzYCgEbENbWmG7cqOHPxzQajgRVWNItMdluUcA6IfOs\u003d",
    "RandomSeed": "PE4U96PB",
    "VerificationProcess": "0",
    "generationProcess": "1"
  },
  {
    "BlockID": "ee20ca75-8f9d-4b91-8b57-bfe09aed25dc",
    "SignedBlockID": "M4B36RhixaVuwd1yRdYZ81rHdwncXXjToqvr5E8nVZ0blqxzrH/1CIvwhMaxYpZvmjzxb1/kK1kvNf6e8mtgN9yQ/buGiJoCuspLQu5Im4cr58ptHurL9Q5OzuHDq6AS5tf4o8nb6zQxjPWVKDB7Y4Xh1j/+ey8Z4sHDwOsOME4\u003d",
    "TimeStamp": "2022-01-31.22:50:13.0",
    "blockNumber": "7",
    "Fname": "Julie",
    "Lname": "Wilson",
    "DOB": "1996.03.07",
    "SSNum": "123-45-6999",
    "Diag": "Insomnia",
    "Treat": "Exercise",
    "Rx": "HotPeppers",
    "hashMaker": "8b9666ae9d3011430f633984935af968643c12f53aebdea79f1e8563c4d3e657",
    "hashSignedMaker": "QgYRwNxc0HNX344mXWItLXSyuu7wR22lNtzEFdzGlGz5mAsWX1LTPX568takncBJsSsauoJcv7GpbadnTaRx+ZCZl+zX44DOTQpgBWTexE6+4vrh+K4JeJOQD2ePOnbL/7jtJGOl9WppbXJQteAFl7BkLt/DUcRG9cgAKmM03Oc\u003d",
    "lastWinHash": "1B6E1BCAA5888B374E1B7EE3E290A05BF4C673B873B14E703D6525E49C66920D",
    "winHash": "3D0FF20D8FE3918C20B520A4666F246807F0D957A1E5A65217D50B2A227DCAC6",
    "winSignedHash": "cUS6fpgCQmZQ8lFVR1+hvpzjjYSssgFhgXPhDlDW+JB+q4Z8RoAez+iWSoFbL9fGYYadpYGCExDqNVFL6afNmISrb6kNTEIpeM5Q+dhWV8lP2EHdBP8vTJn5WnOJ0QSWwCkmblbamT3GO20B6lfWklWp4Jlrq+3TdNW3jjKuy8E\u003d",
    "RandomSeed": "B0GWEM5E",
    "VerificationProcess": "2",
    "generationProcess": "0"
  },
  {
    "BlockID": "cd6b7769-2845-408d-a337-9fb997773574",
    "SignedBlockID": "OKs84qbyXUXzB6FFuX9Ddjg0Y1YmjjP5pHeDblXxc8psngJBKU+3ngFdrLLPqo5v00ALpvypf9lbzO08gSfRkZn21CStZYzwutq2gD1CF//sMFQr686q7eT5Uc6T1roh7bq+lX+zbCy/3VnPc1SfUHVl2r1Q/RjmsxokQDwMenY\u003d",
    "TimeStamp": "2022-01-31.22:50:12.2",
    "blockNumber": "6",
    "Fname": "Abraham",
    "Lname": "Lincoln",
    "DOB": "1809.02.12",
    "SSNum": "444-45-6888",
    "Diag": "GreviousWound",
    "Treat": "Surgery",
    "Rx": "Whiskey",
    "hashMaker": "413af8667e5731ef5cf2f5b5b6848ee97c16969cfa52b7876e19e7273126f3e3",
    "hashSignedMaker": "dgG9QJu1FZF8MRipHNmBaL0i7P+xPiBxasFlam+62/SCrqpAl7w1jsseDsodevNL925GC/SL1OXGtlu3o6A8y6RFCKU6X/6JqQhDuSgVvYFUJDQGR6N1E7ubzeV8+MsKXQONm3/zj578db2X0zcoHC56ASBD9G1PTggTNim3OSU\u003d",
    "lastWinHash": "4D67070F584BD825E4E252BDBD44698FE65016076ACACC3E328A1008C9FA5FC8",
    "winHash": "1B6E1BCAA5888B374E1B7EE3E290A05BF4C673B873B14E703D6525E49C66920D",
    "winSignedHash": "pd2jLixoS0bO3GnqbmEj9i6TClRSu4sChfuRXQjLBVwtC7quEHL3WHi5n28bPmxXfgmdU9liu6g4WIF0BYeXqZsQk8lxtjnkFNIz1+k/Ny9eBESQESfQdzNSWG+p6X1X0zpCC+QZccN1MrtPo6kB2Wl5P9jJprsFB1Spv6cghso\u003d",
    "RandomSeed": "FE9BBQXA",
    "VerificationProcess": "2",
    "generationProcess": "2"
  },
  {
    "BlockID": "8a0ec179-c547-4207-94b5-a9577c7b2832",
    "SignedBlockID": "dZ5OpuFZw3v4PfxYJhDZ4+GHz3zIFPucC7t0+yPTZ56fZ2XzCJcZb/2L1+gOpjuNm2p4Cn4XetWb7wj6bnMYXakUBcdjh0S1/rjLOyWINtXZbbHnaLSYjw4TXx14ZZu2QGB6HQBNxH5hNSnF8YDYewmA+qG0zZ9Tnhs+SVOzwYs\u003d",
    "TimeStamp": "2022-01-31.22:50:12.1",
    "blockNumber": "5",
    "Fname": "Rita",
    "Lname": "Vita",
    "DOB": "1992.01.31",
    "SSNum": "999-456-789",
    "Diag": "ObessivePersonality",
    "Treat": "TryToRelax",
    "Rx": "Ibuprofen",
    "hashMaker": "1472016eafc12097a6d5fa472dcb717969a0dcbec692da7b16162697725b2305",
    "hashSignedMaker": "OKD1DpA2M5bUjzQR6uaGbfr6B+QuET0rxgHwcQcNcPNYySt0q+ngAfJyX1P18cUxwBKoFmjHVbSYQmdxlIP3eiR8Y7u3MS7R7AKJVAABrvegPLq6K3SeV3H/GbJCWQj5UcqcxWVjaeDYBBzRz1rGgl78YySsJf9OuxBidm+d+xY\u003d",
    "lastWinHash": "4211A9825EEFB1948F95ED8CC9A3A4D956FA4ED7FD1436985B1010184435C034",
    "winHash": "4D67070F584BD825E4E252BDBD44698FE65016076ACACC3E328A1008C9FA5FC8",
    "winSignedHash": "L7/hsPITUc7FZSYWIycR5C2g/uZrLzmwsjoMBjM2UrPHdN7HDnIXvkDktjwc0f5vsEx4SfufdYLloIWT3rGJ9CKNr7ky5j0x8pHPBDvIJV/DFk/Vv7Zi1+Dxf+WToh2fMEoefHnz2tlj35FxIbvFc+nz90Rz03XG2aC7sKXJisU\u003d",
    "RandomSeed": "U0ATP6IZ",
    "VerificationProcess": "0",
    "generationProcess": "1"
  },
  {
    "BlockID": "b3691214-1a04-4f72-b527-ddc90d3f3fa2",
    "SignedBlockID": "U9QBqIrWHe2sjf9D6oSwa74QRoMKWqK1eCoexBtACvWAKmMCGmSrrsYpBeTnBZptyfnFau3lVQTpw8fdugD4CTwQHHlMg3XZgRp9XX+AB4GiXn4yezvIY8vzSWn+znvncPWWxrDBRVz+kLcwCggZnF+0VVWSDi2+bPSQYTiQnR8\u003d",
    "TimeStamp": "2022-01-31.22:50:12.0",
    "blockNumber": "4",
    "Fname": "Joe",
    "Lname": "Blow",
    "DOB": "1996.03.07",
    "SSNum": "123-45-6888",
    "Diag": "Smallpox",
    "Treat": "BedRest",
    "Rx": "Whiskey",
    "hashMaker": "613d9795c67d2c91447a34a34dc33ff17a28fcc9143aa07eae2c83d29d0fc752",
    "hashSignedMaker": "XtAqZoxE4jHsE1euwNkiE9PPi6IbtOWYAavJYGT7tf22LcEc4oG7re1WXUIpfdbRYcJmiLBkeqTxc7RJ4JTuZkQOysHmr3HFn1nShszKX7biTIT9oNIPII7XQ+f19x3wpqhCpK1x29hHJ+YnGb2BUuN/JRzkS3uHML4N6wT4eIE\u003d",
    "lastWinHash": "3039AE078FC9418101ABB452E753F0FB6F9939176A5ED90EE93FB0F2DA03183B",
    "winHash": "4211A9825EEFB1948F95ED8CC9A3A4D956FA4ED7FD1436985B1010184435C034",
    "winSignedHash": "BhJlUWVG3jGDDUqEtm5ZUGbOJgvF6wjTj6JGvlpcdA/CseFlao6Ol1ikTb77QawbByj7iMNEvnsxqJ9yy7u0KQolq20hw7lqRlPwdPicSrvNE/Lys33809x0zTVbzv5Y//6zVgnayikgfR6gObgICwuOuS94dkt/Ys8Y/7UuCKk\u003d",
    "RandomSeed": "8HXRU6E1",
    "VerificationProcess": "0",
    "generationProcess": "0"
  },
  {
    "BlockID": "a41a75e7-925c-4f60-a448-656cfc7f212a",
    "SignedBlockID": "LIepvhv2lA7RhXJnllvHX1vcawT7IqEJZOOWhIY7jq9KhEOHj7F9QhH1Gm4h1J1Po9inJNqJUTyEXXz0PBiHx2l3VV/Amox8LsJb8Eo/vJTilb10PrvXUoEnIoCS8+tT3sNHTQhxxHFCmuzg2hmZor68VI7brMZFbGfdfP+oDBA\u003d",
    "TimeStamp": "2022-01-31.22:50:11.2",
    "blockNumber": "3",
    "Fname": "Helen",
    "Lname": "Keller",
    "DOB": "1880.06.27",
    "SSNum": "666-45-6789",
    "Diag": "Arthritis",
    "Treat": "WarmCloths",
    "Rx": "Aspirin",
    "hashMaker": "0484c3fdb2bf1a119d9efb395e3ead929d641b593a9afb7c9d7e51d60e6f6224",
    "hashSignedMaker": "owabpW3UeJurp7JjqXs+XHWRCLRb8D4sGYP8d91QZX7pQQVtaFrGs429mkEdf/MY2VnhFDKF3u2/ba1vXvDu+YvbK1Ylqb2vw6yLe9Y8ww2LasBNw5nrYjbjoOgCo6hi1MxtNq3cPzd/scZiSIu0S8urgp9FxEPz4FdQfI01pFc\u003d",
    "lastWinHash": "2CF0F0F845A68705690BF826CA0F06E1DB102A59E1E543D8B0CD912C0AA7968E",
    "winHash": "3039AE078FC9418101ABB452E753F0FB6F9939176A5ED90EE93FB0F2DA03183B",
    "winSignedHash": "dN9EuvoCSbwE4F0OHaUxvoOEGGqoFic+bq1D6FZt2u8c4cUVmXyt9TneT+B4Q6En9k5LIoQkgCOtmtysTf5XGQG3dzqeNWb5QHIRil5TK1JeqLn9SRNZufi/AaAhIsEhnV6rXBujk5pnkDWtciXxQbfA6QviUEfgqtlxknSEBXM\u003d",
    "RandomSeed": "KH4ICGF8",
    "VerificationProcess": "2",
    "generationProcess": "2"
  },
  {
    "BlockID": "1daa8986-1ef1-4708-b8b2-57f9d7a9d12a",
    "SignedBlockID": "Nr8ANtHT/iECowe6GDsGgmzROzwTvyKj8s21PV+KlBGrDD7NQPjsH941NS1Cs5Ltq32rkvl2Uj5l7XOD5fclS5znByT4MG5Bixzf5Pca3UZDvDxEYFqmmP4rrNMJ13QqXfjSFLI45r30+sbHGo3iGTGJlhPuXL6hDCMoVGYtxZs\u003d",
    "TimeStamp": "2022-01-31.22:50:11.0",
    "blockNumber": "2",
    "Fname": "John",
    "Lname": "Smith",
    "DOB": "1996.03.07",
    "SSNum": "123-45-6789",
    "Diag": "Chickenpox",
    "Treat": "BedRest",
    "Rx": "aspirin",
    "hashMaker": "26705a7df49dbe741566a5085d6f0d63c1969a850d0f25c269b83538561e1242",
    "hashSignedMaker": "NmKbXgU95iAvjPDgSaPsqlRiP0FE8oc9DWbMdoSliVDWVwDVFgwZ+p80AhGBnw6AK4QkRAndYWwgH9mWNFYzaQuftkQIvf82sqDwZDjfnY3rqhxTCjWpdo4ASB+gAFw7kL0lSi+580uv9+GZaURRq6iNawEqMBKp10fZ/o5GAO0\u003d",
    "lastWinHash": "e9495832da26fe78957438721ab5f1cbb2eb33e6ec91abbb204aa6850e7084c7",
    "winHash": "2CF0F0F845A68705690BF826CA0F06E1DB102A59E1E543D8B0CD912C0AA7968E",
    "winSignedHash": "sC5BEDnXpntbiSwkhJJhWx+erMSJik7v/EcCxjHy21s02le1lTOc8SUzd+15NalbMKaTtHb1pdJQJlYCKEldyz7sebQmLHaqRT86YtP3NCplAKnxPgyg5EfH/4OhITmo6F1wtzG/BILNBW8VTRn6hCQ7PsiuQJHoQZ9fkz8HiEk\u003d",
    "RandomSeed": "YEP43AZI",
    "VerificationProcess": "2",
    "generationProcess": "0"
  },
  {
    "BlockID": "095146b5-fedf-4efc-b63a-7bbb4646921c",
    "TimeStamp": "2022-01-31.22:50:11.0",
    "blockNumber": "1",
    "Fname": "Kevin",
    "Lname": "Li",
    "DOB": "1950.07.13",
    "SSNum": "123-45-1661",
    "Diag": "Nearsighted",
    "Treat": "ReduceComputerUsage",
    "Rx": "Glasses",
    "lastWinHash": "1111111111",
    "winHash": "e9495832da26fe78957438721ab5f1cbb2eb33e6ec91abbb204aa6850e7084c7"
  }
]