[
  {
    "BlockID": "7c8ecb57-abf8-4e69-b2cb-9778c22d4621",
    "SignedBlockID": "emGEggU94xU+fmJlhysdj9wdaFNv/pEOUYlxzK0BVySJ9wmo5C/wWr9Kt3xP/2xcA4BW0jfdCZYh35ryAdDIV5c/YCGM01fyQYljLeVK4G53M/ca3EkQElUK3Lf5oyPU5t4RktReZwCrQdXbNAsG3c+BRnq041aBvKCYQh6OHS4\u003d",
    "TimeStamp": "2022-02-01.03:22:46.2",
    "blockNumber": "13",
    "Fname": "Joe",
    "Lname": "DiMaggio",
    "DOB": "1914.11.25",
    "SSNum": "111-22-3333",
    "Diag": "SoreKnees",
    "Treat": "RestFromSports",
    "Rx": "Aspirin",
    "hashMaker": "2b1e6eafa812b19eb1a0822e72c646356e4317419fb202e213bb1b35a44e5f71",
    "hashSignedMaker": "i1CgKeSBwUXDr1UaY0YAy6tJ/FnXU8qvuOPdRhN2M4VolOs+9bktaC2IF2Qb5EVf/HL+9krDaoLBmCOui4Y6E+P+eNfxUDngGNnULz4Yv+5F0dn03dLx2WKBa9ZYKBe/SsRi0sjbmFdXLzbjdfgh2vOIf0YhE6MJx3mehsjKLh0\u003d",
    "lastWinHash": "491FC9C5BC9D75EF19762D48DA2157544DC61132166583D5A804084D02D837C0",
    "winHash": "30226EBF3C3E7DC9C91BD764CECB7B9F335076EB8CEC591EFF2A9A382BB3130C",
    "winSignedHash": "Y1XsIpcCyh4pocB3OejiFdk+La9m0fZNbn6/VLmh73CSuJ0XZjLKhN7f9smopltib/ziSR+30fx65AIiup6TtvFWOW/C1a/XICsXiOaliBxHdTI1wt4Di6NyvabhVwjzn7ctJdgm5tfvid9HY7nDgO73ffa0hufmIOFu0RVf6pE\u003d",
    "RandomSeed": "SJHJETYG",
    "VerificationProcess": "2",
    "generationProcess": "2"
  },
  {
    "BlockID": "813749da-bcc7-4291-813c-bf77014025ab",
    "SignedBlockID": "LlP52HlaneAGJCu6TWpc+258BHjeQm1lDks7kbYSltN1M+4oYIYsGq1P7je2zgMYpU013YS61NF6Cjk5WK/4qId8sSVW8WUrHYAJjVG0+3DA7ckjgqd43nhRbkBtOjIuby9gLYtysesfwzp/+yL3tsxLP8wRiB+SN8xF4fl/H1c\u003d",
    "TimeStamp": "2022-02-01.03:22:46.1",
    "blockNumber": "12",
    "Fname": "Bruce",
    "Lname": "Lee",
    "DOB": "1940.11.27",
    "SSNum": "456-789-123",
    "Diag": "SoreStomach",
    "Treat": "LessCombat",
    "Rx": "Vicodine",
    "hashMaker": "9f7e6f65c68e2cb61054da1f933958934e8318a6ca46af1a45a3e04daf486dfb",
    "hashSignedMaker": "ShFR9tsg9ESQV9x304koheOMiMMVT8wzfT8lHaW9NEfWqYbBQgRV5fW4A6i8odDIPEghFHVRno9E0i10t7TEJDGKDgVirvxLhREK62hm6XU9Euy+99ByH/iku7M4AzcGGnXBAoSvMpxi3ob8Cd/khw5i1bN5zyLEQ/B6hCt+UKQ\u003d",
    "lastWinHash": "29DECB38C08BF3AE788314C8DF96C65793EA2FBAD2CA4336D6FCEFED02F85840",
    "winHash": "491FC9C5BC9D75EF19762D48DA2157544DC61132166583D5A804084D02D837C0",
    "winSignedHash": "MCo9EhmBgORoJ7uj1r836zaMXA8Hy15qXVBF/up0hRNutuj94V1aImwCuRucX/EiAl5EMLjJPJGpqNKUueIj6bgO38wN9P9etb4Mu3T3o8IUOL2001oRC2qhQo1To1bR1+HOCW9pefbokFakbABhi6LVeZFoxu4ZW2IRpBZMlR0\u003d",
    "RandomSeed": "TGNJVYKW",
    "VerificationProcess": "2",
    "generationProcess": "1"
  },
  {
    "BlockID": "87eaf364-5d9e-4637-b9c1-d7a4cf2833f2",
    "SignedBlockID": "kx8zOd6DozoHsQCfnKNpjp+NCSHQRH57BGIrW2AvWveCPMNUN3/WT+Q5xVWheAmYHTgB9gaylGCi/BBgb5pck86mKEAgdQ6lVn0lwZ9yvNekfuWuD51x50cBqjVpH3N5CLtwzcb0iFzLAn9QTYxyqXzEslrlngnpEIbweUcD1hw\u003d",
    "TimeStamp": "2022-02-01.03:22:46.0",
    "blockNumber": "11",
    "Fname": "Wayne",
    "Lname": "Blaine",
    "DOB": "1942.07.07",
    "SSNum": "123-45-6777",
    "Diag": "Measles",
    "Treat": "WaitToGetBetter",
    "Rx": "CodLiverOil",
    "hashMaker": "51f4dc653a43ee14d906d18f3563e9ba71d7d2dfa93bcaeb52cedd6fc93a6af0",
    "hashSignedMaker": "P5FqTIzXG2qo1VgxKmVtOEYGieS5wAGZEYqfriul6KF5OKB/nHFa5IPrnJt8vkAH+sWrkp5r8ocOwggbaE0U9KGN7q5iwmrTGLcscJ6f0zKfv6ZLYlY62GbkR4KfbNeRW1pk2dgDRKybL8Tdteegg3eTHjIhopZexr8M/4tVQRQ\u003d",
    "lastWinHash": "19B29C2965E0E52C4A7A1DBE316D5541D6414C1CCA4C1E68A72A76F86B08CCC7",
    "winHash": "29DECB38C08BF3AE788314C8DF96C65793EA2FBAD2CA4336D6FCEFED02F85840",
    "winSignedHash": "FaB3q5pfAgMWhBJWN7ZCQnOsCTvXEgABwLsMHJA5my1kG2aDp4nhsHJrQ21N+YtV3CRlWot+JbWwokyD7EQT7TtSc9ddTrkEHPxBdtPplG0cfqYapGo8yH+BUFzIMi6h6vbryZo8wY7AHwtPyUev/HZ+074k85y3GdHuYdaI3tI\u003d",
    "RandomSeed": "2TCMG7I3",
    "VerificationProcess": "0",
    "generationProcess": "0"
  },
  {
    "BlockID": "ab11c202-f551-4840-ad39-05e5b379e9e6",
    "SignedBlockID": "rJFmjFkfbnj+3DeQrL6QRck+ufafkK0xNCGBqJga6dS6b3NE+1/fMdqEDQRR2DVdczKAwW1TBnDQswlvDn0VXnfYJNoUgU7GpJgmcoy1RJmnoYyFkPEM9nmo8Zq/J/WhTVWG8c8QWMsmrCaodckM1ENpG/ofMPDADM4oeHzkbvg\u003d",
    "TimeStamp": "2022-02-01.03:22:45.2",
    "blockNumber": "10",
    "Fname": "John",
    "Lname": "Kennedy",
    "DOB": "1917.05.29",
    "SSNum": "333-45-6999",
    "Diag": "AddisonsDisease",
    "Treat": "DrugTherapy",
    "Rx": "Steroids",
    "hashMaker": "660e3099391a65f2f1072f0d7150a5479744d1229a331b352de0b7ede40b5342",
    "hashSignedMaker": "CXETLOM1guBQUsEloGRthPWXh4dAw8s/luTppGzkCaiot5qrw02TzRwWTHPUG0UYEhHtmV3cQNbQ2I5/hdMb1n15ML7O3y4Qg6w+4APg/rWm7qt3kDJQy7fJdZMTDF5Z1JhfgogYDkHrxLQ3ZsZGjIjVUYXak+SD9wK9lQNwuQQ\u003d",
    "lastWinHash": "37E40BE91D22A34D4FE51194DC9AB75848735605C6662788C0326C5E83B18B12",
    "winHash": "19B29C2965E0E52C4A7A1DBE316D5541D6414C1CCA4C1E68A72A76F86B08CCC7",
    "winSignedHash": "LuOEq9qGphhU0rX7vXoRMQhLlCkABtY41Rv/60khSWuoLupgecxttcm1lcYSvdQdvC48I2rw1R8n4dqAQMfEMa+Gc/keAq1IBlSmM/E9Qzi0KB+tR9aHP6bWULt1sCooITBGK+8NPpoBJX15nNZvjrhuT0Yy+6kycONaydR7YLc\u003d",
    "RandomSeed": "BW6KG6Z9",
    "VerificationProcess": "0",
    "generationProcess": "2"
  },
  {
    "BlockID": "31518ab9-ae2a-4f0a-9a73-80a75c84cc7c",
    "SignedBlockID": "a+cV/HaYCWG2NRPVZTEQP9tVBL7XXU2o3gD9befyNqG1VZEQDmKeHBJvW8jrKH/+e83QOchAq7ZK2b745tDaY+/eC2N4xMSYxGCmajfiVoPpcI35AYIt5SeKvFmS39Q+uLJMPJ+fdGjO3zts9uT4MRVh14Izwy8jwiU9RdpElPk\u003d",
    "TimeStamp": "2022-02-01.03:22:45.0",
    "blockNumber": "9",
    "Fname": "Julie",
    "Lname": "Wilson",
    "DOB": "1996.03.07",
    "SSNum": "123-45-6999",
    "Diag": "Insomnia",
    "Treat": "Exercise",
    "Rx": "HotPeppers",
    "hashMaker": "65f6695fcc1da9f8d5ff0bae14675dcf03ce2bf3928d8201ac1174811d8a3948",
    "hashSignedMaker": "J3hTYw1crLZx04BbMM3kWgnRpf20oV9dlnihy9cLrJD+r02NYSr2V3PTKRrybIbV7ukiAJkjj8KyJfvjskaIdINMUzPJ+yy4T0M818wrAFI3zVWM4hUrtH0me5vRUcFfq0wXvELp8lCas6oIw04GgwO1F4yRFNQl1Y//d5oMqZU\u003d",
    "lastWinHash": "005880FD2F6D231BA37EB4FE4002B7C1BA4FE814C3775753F99898244C5587FF",
    "winHash": "37E40BE91D22A34D4FE51194DC9AB75848735605C6662788C0326C5E83B18B12",
    "winSignedHash": "rE/AlNauG+CzuIiYahAiDZVBBYzQD4PDp1WhrdQgcap3glkkrDUBtmPScfEJZfASEPVNYGo9Rz1/pB+KQ+WJzZKHTM1pvp71RSXPpPDKQsyAy5HxN3xRy1zv3j44EU/iNYzjlwtKKyy3aYUGNVSupIjmUf9ONZTOPtOhwXHFMPo\u003d",
    "RandomSeed": "6H1K95TF",
    "VerificationProcess": "2",
    "generationProcess": "0"
  },
  {
    "BlockID": "70e2c65d-bc99-42bc-b032-086c735cf2c0",
    "SignedBlockID": "irPkRnQOMzWb54HvSt1q4Bx3mkel/keyVWn6WD6R4+eORRbZlbwIosgIsk8jGfebQG4nlpcp9oKe9BNhbZN9D57PqomloE4twHRZ9les4Xu+0x+1WZ/cuUcBNFG6OLYYAJa5ut9xfnnR9k8Mf0+w/azP8ZI23/kOdMKNTbUUdLs\u003d",
    "TimeStamp": "2022-02-01.03:22:44.2",
    "blockNumber": "8",
    "Fname": "Abraham",
    "Lname": "Lincoln",
    "DOB": "1809.02.12",
    "SSNum": "444-45-6888",
    "Diag": "GreviousWound",
    "Treat": "Surgery",
    "Rx": "Whiskey",
    "hashMaker": "0959744f4e6d7fb6b25eb4f8a7f7828da321017c5782ec25d65546738e679d84",
    "hashSignedMaker": "ToYhB2zsVAm5vVv8LBSoaRt3urqIwN67RmBBZlJ6qu6CB2rF3bZvpWaZ0ocYQIUbEqS5XfiQ+wn44g0UbDuVy5AFqFQJvJPVWljkigAqUMUu+2646dnlyKe6JTHm9UxJ0CgVN+TOcQ9k3Ia6dBAObCJOb9yrUi+nkyBTbsgP65E\u003d",
    "lastWinHash": "30B8EEA933017EAAB7EF9C48AB528CDF8CFCB4439D905BFAAA7C73D179C526FA",
    "winHash": "005880FD2F6D231BA37EB4FE4002B7C1BA4FE814C3775753F99898244C5587FF",
    "winSignedHash": "Ii0Jitw/4pDpLvaqxLjq4s0zqcjJT8u3osW8e8JPwJPBQU1RAZzBM0jONSsa/13jafgI4u+inSojJiRCivwW+ewIHbWTUO3Ek2KZRL+XDlNQltOfVYZK3ueGQpsGDrJTO7sKlEVW6UGw0cllvEv6pymWa0lQ+1juMsR3vb+p3w0\u003d",
    "RandomSeed": "1SR9FEIX",
    "VerificationProcess": "0",
    "generationProcess": "2"
  },
  {
    "BlockID": "de44d554-b69d-48df-a3a1-88b022cc4cac",
    "SignedBlockID": "OOPMSvFfQL4edYUpGqAbADgUGtbXVFrQvDQGhlVlT/FxVT/s/DicmWpTHmH/VOnxqDcuXcmd43uyIfzGW+aj1mVjvDw+TuaQJICaGzDfvUp1isR0iWQauamRpRuLgzJ/3HMieYREGbiMV1yeDsip7APYq2MuW4BNLf8js8n/uJY\u003d",
    "TimeStamp": "2022-02-01.03:22:44.1",
    "blockNumber": "7",
    "Fname": "Sally",
    "Lname": "McCutty",
    "DOB": "1970.01.01",
    "SSNum": "123-456-999",
    "Diag": "Migraine",
    "Treat": "IcePack",
    "Rx": "Almotriptan",
    "hashMaker": "c275c42c74eea94c747ccebe10010e1f4734fcfba1e5c87e19d54dc8170eb2ad",
    "hashSignedMaker": "YaMmzFjNWuPWTUPKBcfRaVkoQiicFN+v/4tknikwJyV5Qqp4kKW0RxqZgW8S4kTRJMqTVVjyQA9igcFPwxRCL2GsLVCYEK1rKxRl78ZFoVuL3JeyNQ3pZC2OELUhoRwsgOKilO18dUkGarG1/nfPfjbHIrqI9CYLj94zF4tVwiQ\u003d",
    "lastWinHash": "29B72F7D99E93DA5D2A607E55503D68E00FEAAF1C6DB9E128E57D2C79684C3AE",
    "winHash": "30B8EEA933017EAAB7EF9C48AB528CDF8CFCB4439D905BFAAA7C73D179C526FA",
    "winSignedHash": "feqWr9d6eno9/KMiBApp1ppi6RCnveEeOf9FxTI5IMoqtZbXyEQ1X3lSlsONrJtTBW4ShqtycUR9ZILrukIfV4+WwVi8wjYXguRjudGdWqpYia3stCeRaiOfYf/G3eMSCTX4AHk5tmlBa9ZrUOZc6JVwZvS6S5dc/gPKbfOpaHk\u003d",
    "RandomSeed": "6E5L3BVC",
    "VerificationProcess": "0",
    "generationProcess": "1"
  },
  {
    "BlockID": "678dd02f-be81-4756-ba24-3864fef27096",
    "SignedBlockID": "rmZx7qoh8MsjawZ1I1o2z7RXATbof7PW37ZIz2NDIl9oRU/tQ0b6/f4OhZlPSLGRKPVFDbQV3piguvAVoFFdH0988YVb69o2wf3/2BMU8zYeJ1SNCPwGYlmVzo1g8osKw75FoK0fD6Nt4kQOjaaF7KlkI3cg9iOKhzSscy4bL8Y\u003d",
    "TimeStamp": "2022-02-01.03:22:44.0",
    "blockNumber": "6",
    "Fname": "Joe",
    "Lname": "Blow",
    "DOB": "1996.03.07",
    "SSNum": "123-45-6888",
    "Diag": "Smallpox",
    "Treat": "BedRest",
    "Rx": "Whiskey",
    "hashMaker": "087cea392715c824234d08c182e179b83ed0c0ef7d2ecce4d62289142fbfcfbd",
    "hashSignedMaker": "FlXN0CKIGopPVJqzrN4tjk9jeBrjYIeaxB77akaA6u8LwdnEMD45v86xtzhkRQaTc+KtCNGGD3jvHrQUS1mlAWC8g2Lzd2h5XwFbae30QWPsMCPzJqkcm8Bi3J+aZ8eVTJjzJ3+P56PXMb/W667mWuYDy+vzHbjf9J4wUsQpbtg\u003d",
    "lastWinHash": "453D4CFE2DA05B9E35E5E1A61D8DDFFE8B002CDFE876947569C08753EBB78BCF",
    "winHash": "29B72F7D99E93DA5D2A607E55503D68E00FEAAF1C6DB9E128E57D2C79684C3AE",
    "winSignedHash": "M/1ehYd7TFJgVFSVsgfMMTqj18b7Tqbyzv/w7Yc4jP0r8zLfDTMZ3hMNLa11ZHlSl8bkFTQVP4Dafjfot2qaGIsAbctTouT1njvvlyx46afUaTEmbkYTfCclfix7sMZcnWUfDGNoxQ72gY3AWKoUHtwQfekYN2CTmcHBwfr6YWI\u003d",
    "RandomSeed": "QZ2P22Y0",
    "VerificationProcess": "2",
    "generationProcess": "0"
  },
  {
    "BlockID": "d6387592-754d-4a8e-804e-9ba6838751ba",
    "SignedBlockID": "o2No5tQBrj4lweLCuCEmsmjSFXadVLDJ8y6M/aHbrbzAyVCS+fk4Tr/Llft8TDcrOa5S8ICrfK3gd+OWEexVtXUgrh1bzfyoRkHEQHQE1dJKosf6+SkmejwRVC5EWJs6RlhkUpB0phb1IttIN3NdbEdxIYtcub/KTnw7I/CV1n0\u003d",
    "TimeStamp": "2022-02-01.03:22:43.1",
    "blockNumber": "5",
    "Fname": "Wei",
    "Lname": "Xu",
    "DOB": "1996.03.22",
    "SSNum": "123-456-333",
    "Diag": "Shingles",
    "Treat": "WaitForRelief",
    "Rx": "Zovirax",
    "hashMaker": "d86b4c95aabe99baff3544892edbe1f39dbe091ea8c4c79c200df8a57b76f466",
    "hashSignedMaker": "AKi9UHTdQ6NqzdyriXZ0zQVR44behEQkFU5+3ComMbyWXLRb3x5iAuE2JXV6m4icnNquoQErsqFgrJ1okyiXQwummGXc6vZbWb4wfJxpZTqZ6xqPva37WjK8y+tzD++0avGh8teVKS9zaqfyjlzpveOCdJR4+WblJgJkmj08Yxk\u003d",
    "lastWinHash": "06637FF5BF929BEB8FAA2B37F29705BE67A3C38DEA96AE1A7EF36879D60F2DF2",
    "winHash": "453D4CFE2DA05B9E35E5E1A61D8DDFFE8B002CDFE876947569C08753EBB78BCF",
    "winSignedHash": "DII8HdxaiJRJT7L7prqAgV+nEADlt+NDVQEbgn+3NAbvIORs6F34NUU6sxlTC45Wra7pUulO4IsBxKm9Ozhlce5bSQu1YjJDl41Q1zvzrRwlwa8KjEhamlPWfkX7Qe3qqfB6WtLSGNTuWSXKDBqFPFsuReTr1xd7Ap+WpijDWuM\u003d",
    "RandomSeed": "UXBXEDJK",
    "VerificationProcess": "0",
    "generationProcess": "1"
  },
  {
    "BlockID": "c080f8e5-3822-44b6-abe1-6bdf1b00251a",
    "SignedBlockID": "qX8fRpV39TKoDTFqdH+7HQ0E0IFoMvq75LIpxse7bMRiIGFk9qlazuefVzoBLB4uoUbY7E3TgSScUs5MpPseGzO7zQPrW3NoNtB1isYtzrAVvO79rOS4jpKTzbAQba5P7c9nkgzLr/6V1SZaPUIX2wHFhHW2V8qnTbn4s8jp3GI\u003d",
    "TimeStamp": "2022-02-01.03:22:42.2",
    "blockNumber": "4",
    "Fname": "Helen",
    "Lname": "Keller",
    "DOB": "1880.06.27",
    "SSNum": "666-45-6789",
    "Diag": "Arthritis",
    "Treat": "WarmCloths",
    "Rx": "Aspirin",
    "hashMaker": "06ef39148222681575dc0f1e9721ccaf63333310277dffb5615796f64bce6efa",
    "hashSignedMaker": "nML6OgVSnN4nS0dBW3UJJOYfDJ01r85Ep2U69fSlbxDLCVWr2sLL30amk+6Yj3dE37vPIpGVBCerK7cEQBW4g5HLLXQlS83oHkDng7/w6W6pyBjLAQ6J9yHsUiyD4bP3R0MIp5IYNLtwuKoncijZW5esXid1+V8WR3tySkbfS+s\u003d",
    "lastWinHash": "3CC6F2D53345E698AB6D1235391CE465B750A50676D6B65C17FB15580BCEF1E5",
    "winHash": "06637FF5BF929BEB8FAA2B37F29705BE67A3C38DEA96AE1A7EF36879D60F2DF2",
    "winSignedHash": "rP4kkg31RoKaFenyaIqbC0hY3P0ChQcX5/HbrwmhrPzZTe8hCHhX+Pbby7xQjaTn61RXCYDpVUAyqIVowoLWCg2Sdb6PfXNr6fYYD0TwQkboJrD3HkT93qG/QqoqxTKY+EzNVD+bpYuIJbeqIbjcXKj3f10tWeqsA0Jm8XiHs/w\u003d",
    "RandomSeed": "ISMASPLM",
    "VerificationProcess": "0",
    "generationProcess": "2"
  },
  {
    "BlockID": "7bacdb99-6689-411d-a9e3-b9451663cd2c",
    "SignedBlockID": "K7o4cpniqoVkdPlEHGfETOm5QsWqQ97hu+DlD2Pl/n3DhdGhXU/RFC8UL7crf45DZVsYl/M57f8oMWCUqUkGYAUFphlKjE3gNAsBzreRMXHmGqLWmAYLDZOJERJf46w9ZaGDLbN7XQk1ChZRVC5GGwfTAs0n/a2IEiva5wZFZc8\u003d",
    "TimeStamp": "2022-02-01.03:22:42.1",
    "blockNumber": "3",
    "Fname": "Rita",
    "Lname": "Vita",
    "DOB": "1992.01.31",
    "SSNum": "999-456-789",
    "Diag": "ObessivePersonality",
    "Treat": "TryToRelax",
    "Rx": "Ibuprofen",
    "hashMaker": "8cf30b80522b126c7bea53ca49dbfa2c0d5376f8cd9e431dbcd7fe027596d24d",
    "hashSignedMaker": "CO86p/3MnSeQQhx3fSeFH2XrouqH03eKMU9L8rKPbdYp9jVEJNYBrHFxJ9NvBHhTwrXvhH3Iy26LC6DZiFuad6K1QXwPOf9GOzDypRywR7yEVpEjJfRiLZBbdsO/u5XqgYMYd6DQWlc6qC/Ex1JpJ7cvVWWbjLJBem++g5BuV+w\u003d",
    "lastWinHash": "1E3A44F31BEC85B7999C9CC53FCA4C478CCE5F4B217AD54FAF2FE63B136F1698",
    "winHash": "3CC6F2D53345E698AB6D1235391CE465B750A50676D6B65C17FB15580BCEF1E5",
    "winSignedHash": "dcH0Q4a8Ee88Se4v7pb0IEv4qTheGpZ7eYzRcU2QYuVPdUaaSs6B3fiw6CHpYovAqA6EigG47beynUkmGSo9HQ5GK0ScNdAsuvPS5tR89F6aBwAD7LNj5mhBBJw1XUqbqRO2ery+zxzvbfbeLJq+Rt6C8XC3MAALldN0oTb7+HI\u003d",
    "RandomSeed": "KT8FFLGX",
    "VerificationProcess": "0",
    "generationProcess": "1"
  },
  {
    "BlockID": "0ba64fbe-47d5-4e25-8cbf-562d1fe19d63",
    "SignedBlockID": "rsmxH1ZOrpIS45v2NX5+xQYY54RbdhDGT2TAQFQpNHzccy17p7GXQTxnJEGLZdJ81znxmB7wq4EE53mS9lANqSiVRlgcABKiEWgQbhtAKZhL2Vd245DVTsBAm/BvWxV5yze4yqA52NJj0t0l+ejiOatNS5avDL+0gKxb5ncR29M\u003d",
    "TimeStamp": "2022-02-01.03:22:42.0",
    "blockNumber": "2",
    "Fname": "John",
    "Lname": "Smith",
    "DOB": "1996.03.07",
    "SSNum": "123-45-6789",
    "Diag": "Chickenpox",
    "Treat": "BedRest",
    "Rx": "aspirin",
    "hashMaker": "6783f4f7658067eb1ee1052e75b9b5dec7917a52a7b6abbb9515cb1677469093",
    "hashSignedMaker": "bMvMM+mKel4scY+Ytw2yHXx1FwMZ4Wwi1XeURE5pZ8x/Fk6dNxRpvGXcMrr7mMSH0vqFx6Nj/kVwEA2eKGdCy6XcGbyLxQgdJH4WdJK/QXAcdjj8uUvcL6NaT1irrWtErXSg1ati3pW0ic+14L4B2q2sw1mpLoR2OEegDUf8yRA\u003d",
    "lastWinHash": "3690d14de6d6ecaf42663933da07f1019c503470f40480e29fd72878f28609d3",
    "winHash": "1E3A44F31BEC85B7999C9CC53FCA4C478CCE5F4B217AD54FAF2FE63B136F1698",
    "winSignedHash": "EbBbVQsFDMg93xFG5kfUhyv+/YzO5cbgi6E2YDFDDuzjCi5nduH/dZcAPJFayD6WIS7j1nUfO1WcRPbhrWkf2Mk5iHV3e0CZoP5DDCNkufvZoJunPYtaK36BTE2315yKgEoFpP8JTuIb0pYurUx/KMd7DHBKoRq+0pGMplfwJRg\u003d",
    "RandomSeed": "SP0FVPHB",
    "VerificationProcess": "2",
    "generationProcess": "0"
  },
  {
    "BlockID": "8e52e60e-0d60-4953-88e1-be2ed546cf9a",
    "TimeStamp": "2022-02-01.03:22:42.0",
    "blockNumber": "1",
    "Fname": "Kevin",
    "Lname": "Li",
    "DOB": "1950.07.13",
    "SSNum": "123-45-1661",
    "Diag": "Nearsighted",
    "Treat": "ReduceComputerUsage",
    "Rx": "Glasses",
    "lastWinHash": "1111111111",
    "winHash": "3690d14de6d6ecaf42663933da07f1019c503470f40480e29fd72878f28609d3"
  }
]